
外部結合(左)
mysql> SELECT m_users.*, m_profiles.*
    -> FROM m_users
    -> LEFT JOIN m_profiles ON m_users.id = m_profiles.user_id;
+----+-----------+---------------+------------+---------------------+---------------------+------+-----------+------+------+---------+-------+------+---------+----------+---------+
| id | user_name | mail_address  | password   | created             | modified            | id   | user_name | kana | age  | profile | place | sex  | created | modified | user_id |
+----+-----------+---------------+------------+---------------------+---------------------+------+-----------+------+------+---------+-------+------+---------+----------+---------+
|  6 | User1     | test@test.com | password1  | 2024-01-02 14:17:48 | 2024-01-02 14:17:48 | NULL | NULL      | NULL | NULL | NULL    |  NULL | NULL | NULL    | NULL     |    NULL |
|  7 | User2     | test@test.com | password2  | 2024-01-02 14:17:48 | 2024-01-02 14:17:48 | NULL | NULL      | NULL | NULL | NULL    |  NULL | NULL | NULL    | NULL     |    NULL |
|  8 | User3     | test@test.com | password3  | 2024-01-02 14:17:48 | 2024-01-02 14:17:48 | NULL | NULL      | NULL | NULL | NULL    |  NULL | NULL | NULL    | NULL     |    NULL |
|  9 | User4     | test@test.com | password4  | 2024-01-02 14:17:48 | 2024-01-02 14:17:48 | NULL | NULL      | NULL | NULL | NULL    |  NULL | NULL | NULL    | NULL     |    NULL |
| 10 | User5     | test@test.com | password5  | 2024-01-02 14:17:48 | 2024-01-02 14:17:48 | NULL | NULL      | NULL | NULL | NULL    |  NULL | NULL | NULL    | NULL     |    NULL |
| 11 | User6     | test@test.com | password6  | 2024-01-02 14:17:48 | 2024-01-02 14:17:48 | NULL | NULL      | NULL | NULL | NULL    |  NULL | NULL | NULL    | NULL     |    NULL |
| 12 | User7     | test@test.com | password7  | 2024-01-02 14:17:48 | 2024-01-02 14:17:48 | NULL | NULL      | NULL | NULL | NULL    |  NULL | NULL | NULL    | NULL     |    NULL |
| 13 | User8     | test@test.com | password8  | 2024-01-02 14:17:48 | 2024-01-02 14:17:48 | NULL | NULL      | NULL | NULL | NULL    |  NULL | NULL | NULL    | NULL     |    NULL |
| 14 | User9     | test@test.com | password9  | 2024-01-02 14:17:48 | 2024-01-02 14:17:48 | NULL | NULL      | NULL | NULL | NULL    |  NULL | NULL | NULL    | NULL     |    NULL |
| 15 | User10    | test@test.com | password10 | 2024-01-02 14:17:48 | 2024-01-02 14:17:48 | NULL | NULL      | NULL | NULL | NULL    |  NULL | NULL | NULL    | NULL     |    NULL |
| 16 | User11    | test@test.com | password11 | 2024-01-02 14:17:48 | 2024-01-02 14:17:48 | NULL | NULL      | NULL | NULL | NULL    |  NULL | NULL | NULL    | NULL     |    NULL |
| 17 | User12    | test@test.com | password12 | 2024-01-02 14:17:48 | 2024-01-02 14:17:48 | NULL | NULL      | NULL | NULL | NULL    |  NULL | NULL | NULL    | NULL     |    NULL |
| 18 | User13    | test@test.com | password13 | 2024-01-02 14:17:48 | 2024-01-02 14:17:48 | NULL | NULL      | NULL | NULL | NULL    |  NULL | NULL | NULL    | NULL     |    NULL |
| 19 | User14    | test@test.com | password14 | 2024-01-02 14:17:48 | 2024-01-02 14:17:48 | NULL | NULL      | NULL | NULL | NULL    |  NULL | NULL | NULL    | NULL     |    NULL |
| 20 | User15    | test@test.com | password15 | 2024-01-02 14:17:48 | 2024-01-02 14:17:48 | NULL | NULL      | NULL | NULL | NULL    |  NULL | NULL | NULL    | NULL     |    NULL |
| 21 | User16    | test@test.com | password16 | 2024-01-02 14:17:48 | 2024-01-02 14:17:48 | NULL | NULL      | NULL | NULL | NULL    |  NULL | NULL | NULL    | NULL     |    NULL |
| 22 | User17    | test@test.com | password17 | 2024-01-02 14:17:48 | 2024-01-02 14:17:48 | NULL | NULL      | NULL | NULL | NULL    |  NULL | NULL | NULL    | NULL     |    NULL |
| 23 | User18    | test@test.com | password18 | 2024-01-02 14:17:48 | 2024-01-02 14:17:48 | NULL | NULL      | NULL | NULL | NULL    |  NULL | NULL | NULL    | NULL     |    NULL |
| 24 | User19    | test@test.com | password19 | 2024-01-02 14:17:48 | 2024-01-02 14:17:48 | NULL | NULL      | NULL | NULL | NULL    |  NULL | NULL | NULL    | NULL     |    NULL |
| 25 | User20    | test@test.com | password20 | 2024-01-02 14:17:48 | 2024-01-02 14:17:48 | NULL | NULL      | NULL | NULL | NULL    |  NULL | NULL | NULL    | NULL     |    NULL |
+----+-----------+---------------+------------+---------------------+---------------------+------+-----------+------+------+---------+-------+------+---------+----------+---------+
20 rows in set (0.06 sec)

外部結合(右)
mysql> SELECT m_users.*, m_profiles.*
    -> FROM m_users
    -> RIGHT JOIN m_profiles ON m_users.id = m_profiles.user_id;
+------+-----------+--------------+----------+---------+----------+----+-----------+----------------+-----+-------------------------+-------+-----+---------------------+---------------------+---------+
| id   | user_name | mail_address | password | created | modified | id | user_name | kana           | age | profile                 | place | sex | created             | modified            | user_id |
+------+-----------+--------------+----------+---------+----------+----+-----------+----------------+-----+-------------------------+-------+-----+---------------------+---------------------+---------+
| NULL | NULL      | NULL         | NULL     | NULL    | NULL     |  1 | User1     | ユーザー1      |  25 | Introduction for User1  |     1 |   1 | 2024-01-02 14:22:53 | 2024-01-02 14:22:53 |    NULL |
| NULL | NULL      | NULL         | NULL     | NULL    | NULL     |  2 | User2     | ユーザー2      |  30 | Introduction for User2  |     2 |   2 | 2024-01-02 14:22:53 | 2024-01-02 14:22:53 |    NULL |
| NULL | NULL      | NULL         | NULL     | NULL    | NULL     |  3 | User3     | ユーザー3      |  28 | Introduction for User3  |     3 |   1 | 2024-01-02 14:22:53 | 2024-01-02 14:22:53 |    NULL |
| NULL | NULL      | NULL         | NULL     | NULL    | NULL     |  4 | User4     | ユーザー4      |  22 | Introduction for User4  |     4 |   2 | 2024-01-02 14:22:53 | 2024-01-02 14:22:53 |    NULL |
| NULL | NULL      | NULL         | NULL     | NULL    | NULL     |  5 | User5     | ユーザー5      |  35 | Introduction for User5  |     5 |   1 | 2024-01-02 14:22:53 | 2024-01-02 14:22:53 |    NULL |
| NULL | NULL      | NULL         | NULL     | NULL    | NULL     |  6 | User6     | ユーザー6      |  27 | Introduction for User6  |     6 |   2 | 2024-01-02 14:22:53 | 2024-01-02 14:22:53 |    NULL |
| NULL | NULL      | NULL         | NULL     | NULL    | NULL     |  7 | User7     | ユーザー7      |  32 | Introduction for User7  |     7 |   1 | 2024-01-02 14:22:53 | 2024-01-02 14:22:53 |    NULL |
| NULL | NULL      | NULL         | NULL     | NULL    | NULL     |  8 | User8     | ユーザー8      |  29 | Introduction for User8  |     8 |   2 | 2024-01-02 14:22:53 | 2024-01-02 14:22:53 |    NULL |
| NULL | NULL      | NULL         | NULL     | NULL    | NULL     |  9 | User9     | ユーザー9      |  31 | Introduction for User9  |     9 |   1 | 2024-01-02 14:22:53 | 2024-01-02 14:22:53 |    NULL |
| NULL | NULL      | NULL         | NULL     | NULL    | NULL     | 10 | User10    | ユーザー10     |  26 | Introduction for User10 |    10 |   2 | 2024-01-02 14:22:53 | 2024-01-02 14:22:53 |    NULL |
+------+-----------+--------------+----------+---------+----------+----+-----------+----------------+-----+-------------------------+-------+-----+---------------------+---------------------+---------+
10 rows in set (0.05 sec)
